{
    "with_stratify": {
        "best_k": 317,
        "best_weight": "distance",
        "best_reg": [
            1.0,
            1e-06
        ],
        "metrics": {
            "mse": 0.3479124585665776,
            "rmse": 0.5898410451694402,
            "mae": 0.37965218162242653,
            "r2": 0.5281789610957712,
            "acc1": 0.9684615384615385
        },
        "red_metrics": {
            "mse": 0.32967471113763125,
            "rmse": 0.5741730672346372,
            "mae": 0.383236461702832,
            "r2": 0.46812417607264034,
            "acc1": 0.971875
        },
        "white_metrics": {
            "mse": 0.35386764140051924,
            "rmse": 0.5948677511855213,
            "mae": 0.37848180445331453,
            "r2": 0.5273989795775937,
            "acc1": 0.9673469387755103
        },
        "avg_posterior": {
            "lambda": 61.93506070320014,
            "alpha": 5188.5139567631995
        }
    },
    "without_stratify": {
        "best_k": 175,
        "best_weight": "distance",
        "best_reg": [
            1.0,
            1e-06
        ],
        "metrics": {
            "mse": 0.35728537698359886,
            "rmse": 0.5977335334273951,
            "mae": 0.39541485544618493,
            "r2": 0.5131625751528637,
            "acc1": 0.9692307692307692
        },
        "red_metrics": {
            "mse": 0.31726388672762906,
            "rmse": 0.5632618278630543,
            "mae": 0.39848251908795473,
            "r2": 0.479203088253606,
            "acc1": 0.970873786407767
        },
        "white_metrics": {
            "mse": 0.36976432803213033,
            "rmse": 0.6080825010079884,
            "mae": 0.39445833873043634,
            "r2": 0.5079450503816746,
            "acc1": 0.9687184661957619
        },
        "avg_posterior": {
            "lambda": 190.5292300665351,
            "alpha": 8894.236297931891
        }
    }
}